id,lat,lon
1,24.64160666,-81.69289859
2,26.24764812,-98.1936634
3,26.25971744,-97.57419235
4,25.09631816,-80.99075496
5,26.79060046,-98.83303356
6,26.80678617,-98.20935876
7,26.81896865,-97.58545781
8,25.64470648,-80.88545149
9,25.54670918,-80.28056228
10,27.33042171,-99.48131133
11,27.35079603,-98.85344384
12,27.36713301,-98.22528028
13,27.37942936,-97.59688565
14,26.28933477,-81.38915622
15,26.19423783,-80.77867512
16,26.09533263,-80.16969757
17,27.89159263,-99.50656502
18,27.91215674,-98.87415024
19,27.92864592,-98.24143289
20,27.94105684,-97.60847941
21,27.94938701,-96.97535638
22,26.9329594,-81.90118416
23,26.84084536,-81.28504978
24,26.74486966,-80.67039506
25,26.64505114,-80.05727554
26,28.42902046,-100.168839
27,28.45388407,-99.53218757
28,28.47463913,-98.89515924
29,28.49128144,-98.25782165
30,28.50380763,-97.62024272
31,28.51221517,-96.98249051
32,28.51650236,-96.34463317
33,27.57542936,-82.42170713
34,27.48638136,-81.7998585
35,27.39341834,-81.17946352
36,27.29655867,-80.56057966
37,28.99215811,-100.1995114
38,29.01725182,-99.55818712
39,29.03819899,-98.91647752
40,29.05499536,-98.27445179
41,29.06763753,-97.63217935
42,29.07612291,-96.98972976
43,29.08044979,-96.34717271
44,29.08061729,-95.70457797
45,28.13069318,-82.32327699
46,28.04082662,-81.69707906
47,27.94700963,-81.07236599
48,27.84926081,-80.44919639
49,29.36713881,-103.4526039
50,29.52682097,-100.8762399
51,29.55632575,-100.2306382
52,29.58165095,-99.58457205
53,29.60279138,-98.93811196
54,29.61974275,-98.29132867
55,29.63250159,-97.64429313
56,29.64106529,-96.99707648
57,29.6454321,-96.34974996
58,29.64560114,-95.70238489
59,29.64157237,-95.05505262
60,29.63334661,-94.40782448
61,29.58350849,-92.46747675
62,29.55852013,-91.82137628
63,29.52935174,-91.17573459
64,29.49600924,-90.5306219
65,29.45849945,-89.88610807
66,29.41682998,-89.24226256
67,28.68694026,-82.22342136
68,28.59625036,-81.59281461
69,28.50157442,-80.96372484
70,29.87979522,-104.1550294
71,29.93055261,-103.5080688
72,29.97713102,-102.8602786
73,30.01952097,-102.2117288
74,30.0577138,-101.5624899
75,30.0917017,-100.912633
76,30.12147773,-100.2622295
77,30.14703579,-99.61135097
78,30.16837065,-98.96006965
79,30.18547793,-98.30845782
80,30.19835414,-97.65658805
81,30.20699662,-97.00453308
82,30.21140362,-96.35236575
83,30.21157421,-95.70015901
84,30.20750837,-95.0479858
85,30.19920694,-94.39591908
86,30.18667161,-93.7440317
87,30.16990495,-93.09239642
88,30.14891041,-92.44108579
89,30.12369228,-91.7901722
90,30.09425573,-91.13972772
91,30.06060678,-90.48982415
92,30.02275232,-89.8405329
93,29.98070008,-89.19192498
94,29.6407729,-85.31854202
95,29.33160287,-82.75867364
96,29.24412504,-82.1221093
97,29.15260702,-81.48703305
98,29.05706717,-80.85350679
99,30.44367229,-104.2161198
100,30.49489408,-103.5643634
101,30.54189881,-102.9117586
102,30.58467688,-102.2583772
103,30.6232195,-101.6042911
104,30.65751878,-100.9495729
105,30.68756766,-100.2942957
106,30.71335997,-99.63853278
107,30.73489041,-98.98235787
108,30.75215454,-98.32584494
109,30.76514881,-97.6690682
110,30.77387055,-97.01210204
111,30.77831796,-96.35502097
112,30.77849012,-95.69789958
113,30.77438699,-95.0408125
114,30.76600943,-94.38383432
115,30.75335916,-93.72703957
116,30.73643878,-93.07050264
117,30.71525177,-92.41429777
118,30.68980251,-91.75849894
119,30.66009621,-91.10317989
120,30.62613899,-90.448414
121,30.58793782,-89.79427431
122,30.54550054,-89.14083342
123,30.49883585,-88.48816346
124,30.44795331,-87.83633605
125,30.39286333,-87.18542225
126,30.27010688,-85.88661664
127,30.20246546,-85.23886375
128,30.13066664,-84.59230219
129,30.054725,-83.94699959
130,29.97465594,-83.30302271
131,29.89047567,-82.6604375
132,29.8022012,-82.019309
133,29.70985031,-81.37970132
134,30.95249362,-104.9338128
135,31.00842724,-104.2781296
136,31.06011614,-103.6215064
137,31.1075497,-102.9640155
138,31.15071816,-102.3057303
139,31.18961264,-101.6467243
140,31.22422512,-100.9870719
141,31.25454846,-100.3268477
142,31.2805764,-99.66612664
143,31.30230357,-99.00498415
144,31.31972547,-98.34349591
145,31.33283851,-97.6817378
146,31.34163997,-97.01978592
147,31.34612803,-96.3577165
148,31.34630177,-95.69560584
149,31.34216114,-95.03353027
150,31.333707,-94.37156611
151,31.3209411,-93.70978958
152,31.30386609,-93.04827678
153,31.28248549,-92.38710365
154,31.25680372,-91.72634586
155,31.22682609,-91.06607882
156,31.19255879,-90.40637759
157,31.15400887,-89.74731685
158,31.1111843,-89.08897083
159,31.06409388,-88.43141329
160,31.0127473,-87.77471745
161,30.95715511,-87.11895593
162,30.89732871,-86.46420075
163,30.83328037,-85.81052324
164,30.76502319,-85.157994
165,30.69257111,-84.50668289
166,30.61593892,-83.85665895
167,30.53514221,-83.20799038
168,30.4501974,-82.5607445
169,30.36112173,-81.91498771
170,31.45685718,-105.6612467
171,31.51757047,-105.0016808
172,31.5740123,-104.3410797
173,31.62617103,-103.679517
174,31.67403591,-103.0170669
175,31.71759704,-102.3538041
176,31.75684543,-101.6898042
177,31.79177294,-101.0251429
178,31.82237235,-100.3598965
179,31.8486373,-99.69414197
180,31.87056236,-99.02795624
181,31.88814296,-98.36141676
182,31.90137546,-97.69460119
183,31.91025711,-97.02758737
184,31.91478607,-96.36045328
185,31.91496138,-95.69327701
186,31.91078302,-95.02613663
187,31.90225186,-94.35911024
188,31.88936966,-93.69227582
189,31.87213911,-93.02571123
190,31.85056378,-92.35949414
191,31.82464814,-91.69370198
192,31.79439759,-91.02841188
193,31.75981838,-90.36370062
194,31.72091769,-89.69964458
195,31.67770356,-89.03631968
196,31.63018493,-88.37380133
197,31.57837161,-87.71216441
198,31.5222743,-87.05148317
199,31.46190456,-86.3918312
200,31.39727481,-85.73328142
201,31.32839833,-85.07590599
202,31.25528925,-84.41977627
203,31.17796254,-83.76496278
204,31.09643402,-83.1115352
205,31.01072032,-82.45956226
206,30.9208389,-81.80911174
207,31.37860379,-111.0045033
208,31.47381805,-110.351051
209,31.56484759,-109.6959683
210,31.65167383,-109.0393233
211,31.734279,-108.3811852
212,31.81264619,-107.7216241
213,31.8867593,-107.0607109
214,31.9566031,-106.3985179
215,32.02216318,-105.7351177
216,32.08342603,-105.0705841
217,32.14037899,-104.4049915
218,32.19301027,-103.7384152
219,32.24130896,-103.0709309
220,32.28526504,-102.4026153
221,32.32486939,-101.7335454
222,32.36011377,-101.0637989
223,32.39099085,-100.3934537
224,32.4174942,-99.7225885
225,32.4396183,-99.05128211
226,32.45735853,-98.37961374
227,32.47071119,-97.70766285
228,32.4796735,-97.03550909
229,32.48424359,-96.36323226
230,32.48442049,-95.69091226
231,32.48020419,-95.018629
232,32.47159555,-94.34646237
233,32.45859637,-93.67449219
234,32.44120937,-93.00279812
235,32.41943817,-92.33145965
236,32.39328731,-91.66055598
237,32.36276224,-90.99016603
238,32.32786931,-90.32036836
239,32.2886158,-89.65124109
240,32.24500986,-88.98286187
241,32.19706054,-88.31530786
242,32.14477779,-87.64865559
243,32.08817246,-86.982981
244,32.02725624,-86.31835934
245,31.96204174,-85.65486514
246,31.89254241,-84.99257213
247,31.81877258,-84.33155326
248,31.74074741,-83.67188057
249,31.65848292,-83.01362523
250,31.57199598,-82.35685743
251,31.48130428,-81.70164638
252,31.83857512,-111.7752755
253,31.93884622,-111.11877
254,32.03491527,-110.4605288
255,32.12676263,-109.8006203
256,32.21436945,-109.139114
257,32.29771776,-108.4760806
258,32.37679041,-107.8115916
259,32.45157108,-107.1457197
260,32.52204434,-106.4785384
261,32.5881956,-105.8101222
262,32.65001116,-105.1405464
263,32.70747817,-104.4698872
264,32.76058471,-103.7982213
265,32.80931971,-103.1256265
266,32.85367302,-102.4521809
267,32.89363539,-101.7779634
268,32.92919847,-101.1030535
269,32.96035483,-100.427531
270,32.98709796,-99.75147626
271,33.00942225,-99.07497001
272,33.02732303,-98.39809328
273,33.04079656,-97.7209274
274,33.04983999,-97.04355389
275,33.05445145,-96.36605443
276,33.05462996,-95.68851077
277,33.05037549,-95.01100472
278,33.04168892,-94.33361804
279,33.02857208,-93.65643242
280,33.01102772,-92.97952939
281,32.98905951,-92.30299029
282,32.96267206,-91.6268962
283,32.93187089,-90.95132784
284,32.89666243,-90.27636561
285,32.85705406,-89.60208944
286,32.81305405,-88.92857878
287,32.76467156,-88.25591252
288,32.71191669,-87.58416897
289,32.65480041,-86.91342579
290,32.5933346,-86.2437599
291,32.52753202,-85.57524751
292,32.4574063,-84.907964
293,32.38297196,-84.24198391
294,32.30424438,-83.57738086
295,32.22123978,-82.91422754
296,32.13397526,-82.25259567
297,32.04246873,-81.59255591
298,31.94673896,-80.93417787
299,32.1835971,-113.2131441
300,32.29317955,-112.5555756
301,32.3985653,-111.896096
302,32.49973283,-111.2347725
303,32.5966614,-110.571674
304,32.6893311,-109.9068702
305,32.77772288,-109.2404321
306,32.86181849,-108.5724317
307,32.94160055,-107.9029423
308,33.01705255,-107.232038
309,33.08815884,-106.5597941
310,33.15490462,-105.8862865
311,33.21727602,-105.2115924
312,33.27526003,-104.5357895
313,33.32884453,-103.8589566
314,33.37801834,-103.1811729
315,33.42277116,-102.5025184
316,33.4630936,-101.823074
317,33.49897722,-101.1429208
318,33.53041447,-100.4621406
319,33.55739876,-99.7808156
320,33.57992441,-99.09902841
321,33.59798667,-98.41686201
322,33.61158175,-97.73439961
323,33.62070679,-97.05172467
324,33.62535986,-96.36892079
325,33.62553998,-95.68607167
326,33.62124711,-95.00326105
327,33.61248217,-94.32057263
328,33.59924698,-93.63809002
329,33.58154435,-92.95589669
330,33.559378,-92.27407589
331,33.53275259,-91.5927106
332,33.50167373,-90.91188346
333,33.46614793,-90.23167673
334,33.42618266,-89.55217221
335,33.38178631,-88.87345118
336,33.33296818,-88.19559437
337,33.27973848,-87.51868188
338,33.22210835,-86.84279314
339,33.16008982,-86.16800683
340,33.09369582,-85.49440087
341,33.02294017,-84.82205231
342,32.94783759,-84.15103735
343,32.86840364,-83.48143124
344,32.78465479,-82.81330825
345,32.69660834,-82.14674162
346,32.60428246,-81.48180354
347,32.50769615,-80.81856508
348,32.50854073,-114.664061
349,32.62749558,-114.0058016
350,32.74226327,-113.3454541
351,32.85282038,-112.6830845
352,32.95914428,-112.0187603
353,33.06121313,-111.3525504
354,33.15900594,-110.6845247
355,33.25250255,-110.0147546
356,33.34168362,-109.3433125
357,33.42653069,-108.670272
358,33.50702614,-107.995708
359,33.58315323,-107.3196962
360,33.65489609,-106.6423134
361,33.72223976,-105.9636375
362,33.78517014,-105.2837472
363,33.84367407,-104.6027221
364,33.89773927,-103.9206427
365,33.94735438,-103.23759
366,33.99250899,-102.5536461
367,34.03319357,-101.8688934
368,34.06939955,-101.1834152
369,34.10111931,-100.4972951
370,34.12834615,-99.81061716
371,34.1510743,-99.12346609
372,34.16929898,-98.43592676
373,34.18301632,-97.74808438
374,34.19222342,-97.0600244
375,34.19691834,-96.37183239
376,34.19710008,-95.68359407
377,34.19276861,-94.99539516
378,34.18392483,-94.30732137
379,34.17057062,-93.6194583
380,34.15270882,-92.93189141
381,34.13034318,-92.24470592
382,34.10347845,-91.55798679
383,34.07212029,-90.8718186
384,34.03627533,-90.18628556
385,33.99595112,-89.50147138
386,33.95115618,-88.81745925
387,33.90189991,-88.13433178
388,33.84819269,-87.45217093
389,33.79004579,-86.77105793
390,33.72747142,-86.09107328
391,33.66048266,-85.41229666
392,33.58909354,-84.73480686
393,33.51331896,-84.05868178
394,33.43317471,-83.38399833
395,33.34867745,-82.71083241
396,33.25984475,-82.03925884
397,33.16669499,-81.36935137
398,33.06924743,-80.70118255
399,32.96752218,-80.03482377
400,32.68055345,-116.7836285
401,32.81308012,-116.1273908
402,32.9414595,-115.4688239
403,33.06566548,-114.8079909
404,33.18567274,-114.1449563
405,33.30145676,-113.4797863
406,33.41299378,-112.8125481
407,33.5202609,-112.1433107
408,33.62323598,-111.4721442
409,33.72189777,-110.7991201
410,33.81622581,-110.1243112
411,33.90620054,-109.4477914
412,33.99180323,-108.7696362
413,34.07301602,-108.0899217
414,34.14982197,-107.4087255
415,34.22220498,-106.7261261
416,34.29014988,-106.0422031
417,34.3536424,-105.357037
418,34.41266918,-104.6707093
419,34.46721779,-103.9833021
420,34.51727672,-103.2948986
421,34.56283539,-102.6055826
422,34.60388417,-101.9154385
423,34.64041437,-101.2245516
424,34.67241824,-100.5330073
425,34.69988901,-99.84089197
426,34.72282084,-99.14829207
427,34.74120885,-98.4552946
428,34.75504916,-97.7619868
429,34.7643388,-97.06845615
430,34.76907581,-96.37479032
431,34.76925918,-95.68107705
432,34.76488887,-94.98740415
433,34.75596581,-94.29385937
434,34.7424919,-93.60053038
435,34.72447,-92.90750468
436,34.70190394,-92.21486954
437,34.67479851,-91.52271195
438,34.64315947,-90.83111852
439,34.60699352,-90.14017543
440,34.56630833,-89.44996839
441,34.52111252,-88.76058256
442,34.47141564,-88.07210247
443,34.41722819,-87.38461198
444,34.35856161,-86.69819423
445,34.29542826,-86.01293157
446,34.22784141,-85.32890547
447,34.15581527,-84.64619654
448,34.07936494,-83.96488442
449,33.99850644,-83.28504772
450,33.91325664,-82.60676402
451,33.82363333,-81.93010978
452,33.72965516,-81.25516033
453,33.63134165,-80.58198977
454,33.52871316,-79.910671
455,33.42179089,-79.2412756
456,33.23475446,-116.9439784
457,33.36844594,-116.2830533
458,33.49795484,-115.6197466
459,33.62325475,-114.9541225
460,33.74432001,-114.2862468
461,33.86112576,-113.6161868
462,33.97364796,-112.9440112
463,34.08186337,-112.2697904
464,34.1857496,-111.5935958
465,34.28528508,-110.9155004
466,34.38044911,-110.2355787
467,34.47122185,-109.5539062
468,34.55758431,-108.8705596
469,34.63951843,-108.1856172
470,34.71700699,-107.4991581
471,34.79003371,-106.8112625
472,34.85858321,-106.1220119
473,34.92264101,-105.4314886
474,34.98219359,-104.7397759
475,35.03722834,-104.046958
476,35.08773359,-103.3531198
477,35.13369862,-102.6583472
478,35.17511366,-101.9627267
479,35.21196991,-101.2663453
480,35.24425953,-100.5692908
481,35.27197562,-99.87165136
482,35.29511228,-99.17351569
483,35.31366457,-98.47497281
484,35.32762854,-97.77611209
485,35.3370012,-97.07702312
486,35.34178054,-96.37779568
487,35.34196555,-95.67851967
488,35.33755618,-94.97928499
489,35.32855339,-94.28018155
490,35.31495908,-93.58129912
491,35.29677618,-92.88272733
492,35.27400854,-92.18455557
493,35.24666105,-91.48687289
494,35.21473952,-90.789768
495,35.17825076,-90.09332916
496,35.13720255,-89.3976441
497,35.0916036,-88.70280001
498,35.04146361,-88.00888342
499,34.98679323,-87.31598017
500,34.92760404,-86.62417532
501,34.86390857,-85.93355313
502,34.79572029,-85.24419696
503,34.72305358,-84.55618925
504,34.64592376,-83.86961144
505,34.56434704,-83.18454392
506,34.47834055,-82.50106597
507,34.38792231,-81.81925575
508,34.29311121,-81.13919019
509,34.19392702,-80.46094501
510,34.09039039,-79.78459462
511,33.98252281,-79.11021212
512,33.87034661,-78.43786923
513,33.65029719,-117.7699484
514,33.78934993,-117.1067729
515,33.92421224,-116.4410978
516,34.05485656,-115.772987
517,34.18125613,-115.102506
518,34.30338496,-114.4297218
519,34.42121787,-113.7547031
520,34.53473049,-113.0775199
521,34.64389928,-112.398244
522,34.74870156,-111.7169483
523,34.84911546,-111.0337075
524,34.94512002,-110.3485973
525,35.03669512,-109.661695
526,35.12382153,-108.9730792
527,35.20648093,-108.2828297
528,35.28465589,-107.5910273
529,35.3583299,-106.8977542
530,35.42748736,-106.2030936
531,35.49211361,-105.5071297
532,35.55219493,-104.8099479
533,35.60771854,-104.1116342
534,35.65867262,-103.4122756
535,35.7050463,-102.7119599
536,35.74682969,-102.0107757
537,35.78401384,-101.3088122
538,35.81659081,-100.6061592
539,35.84455363,-99.90290707
540,35.86789629,-99.19914656
541,35.8866138,-98.49496891
542,35.90070213,-97.79046565
543,35.91015827,-97.08572857
544,35.91498019,-96.38084964
545,35.91516685,-95.67592094
546,35.9107182,-94.97103459
547,35.90163522,-94.26628268
548,35.88791983,-93.56175719
549,35.869575,-92.85754992
550,35.84660465,-92.15375243
551,35.81901371,-91.45045597
552,35.78680809,-90.74775136
553,35.7499947,-90.045729
554,35.70858139,-89.34447875
555,35.66257703,-88.64408985
556,35.61199144,-87.94465092
557,35.55683541,-87.24624981
558,35.49712068,-86.5489736
559,35.43285996,-85.8529085
560,35.36406689,-85.15813983
561,35.29075606,-84.46475189
562,35.21294299,-83.772828
563,35.13064411,-83.08245035
564,35.04387678,-82.39370001
565,34.95265925,-81.70665684
566,34.85701068,-81.02139947
567,34.75695112,-80.33800523
568,34.65250146,-79.65655013
569,34.54368349,-78.9771088
570,34.43051984,-78.29975442
571,34.31303398,-77.62455876
572,34.0595603,-118.6053129
573,34.20402204,-117.9399999
574,34.34428683,-117.2720672
575,34.48032599,-116.6015782
576,34.6121116,-115.9285979
577,34.73961656,-115.2531929
578,34.86281453,-114.5754317
579,34.98168,-113.8953841
580,35.09618829,-113.2131217
581,35.20631555,-112.5287175
582,35.31203878,-111.8422463
583,35.41333585,-111.153784
584,35.51018548,-110.4634082
585,35.60256731,-109.7711977
586,35.69046185,-109.0772328
587,35.77385051,-108.3815951
588,35.85271565,-107.6843673
589,35.92704051,-106.9856335
590,35.99680931,-106.2854787
591,36.06200717,-105.5839891
592,36.12262018,-104.8812519
593,36.1786354,-104.1773554
594,36.23004084,-103.4723885
595,36.27682547,-102.7664412
596,36.31897928,-102.0596042
597,36.35649319,-101.3519688
598,36.38935915,-100.6436269
599,36.41757008,-99.93467119
600,36.44111992,-99.22519462
601,36.46000358,-98.51529066
602,36.47421699,-97.80505306
603,36.48375709,-97.09457589
604,36.48862182,-96.38395337
605,36.48881014,-95.67327985
606,36.48432199,-94.96264973
607,36.47515836,-94.25215736
608,36.46132121,-93.54189698
609,36.44281353,-92.83196267
610,36.41963931,-92.12244822
611,36.39180354,-91.4134471
612,36.35931223,-90.70505238
613,36.32217235,-89.99735664
614,36.2803919,-89.29045191
615,36.23397984,-88.58442961
616,36.18294615,-87.87938046
617,36.12730174,-87.17539441
618,36.06705854,-86.47256061
619,36.00222942,-85.7709673
620,35.93282821,-85.07070177
621,35.85886969,-84.37185032
622,35.7803696,-83.67449813
623,35.69734459,-82.97872928
624,35.60981226,-82.28462666
625,35.5177911,-81.59227191
626,35.42130054,-80.90174538
627,35.32036087,-80.21312609
628,35.21499329,-79.52649165
629,35.10521987,-78.84191827
630,34.99106353,-78.15948065
631,34.87254806,-77.47925202
632,34.74969807,-76.80130403
633,34.46239658,-119.450077
634,34.61231359,-118.7827451
635,34.75802849,-118.1126713
636,34.89951148,-117.4399181
637,35.03673349,-116.7645502
638,35.16966627,-116.0866336
639,35.29828234,-115.4062364
640,35.42255502,-114.7234281
641,35.54245848,-114.0382801
642,35.65796769,-113.3508654
643,35.7690585,-112.6612585
644,35.8757076,-111.9695356
645,35.97789256,-111.2757743
646,36.07559183,-110.5800539
647,36.16878476,-109.8824549
648,36.2574516,-109.1830595
649,36.34157352,-108.4819508
650,36.42113262,-107.7792137
651,36.49611194,-107.0749339
652,36.56649545,-106.3691987
653,36.63226809,-105.6620961
654,36.69341577,-104.9537155
655,36.74992534,-104.244147
656,36.80178466,-103.533482
657,36.84898257,-102.8218124
658,36.89150887,-102.1092312
659,36.9293544,-101.3958318
660,36.96251099,-100.6817085
661,36.99097145,-99.96695622
662,37.01472963,-99.25167015
663,37.03378038,-98.53594607
664,37.04811958,-97.81988009
665,37.05774413,-97.10356857
666,37.06265192,-96.3871081
667,37.0628419,-95.67059536
668,37.05831403,-94.9541271
669,37.04906929,-94.23780001
670,37.03510967,-93.52171068
671,37.01643822,-92.8059555
672,36.99305898,-92.09063061
673,36.964977,-91.37583177
674,36.93219837,-90.66165433
675,36.89473017,-89.94819317
676,36.8525805,-89.23554254
677,36.80575846,-88.5237961
678,36.75427414,-87.81304675
679,36.69813864,-87.10338661
680,36.63736402,-86.39490696
681,36.57196334,-85.68769814
682,36.50195061,-84.98184948
683,36.42734084,-84.27744928
684,36.34814995,-83.57458471
685,36.26439485,-82.87334178
686,36.17609335,-82.17380523
687,36.08326421,-81.47605854
688,35.9859271,-80.78018383
689,35.88410261,-80.08626185
690,35.77781221,-79.39437187
691,35.66707826,-78.70459171
692,35.551924,-78.01699765
693,35.43237351,-77.33166438
694,35.30845176,-76.64866501
695,35.18018451,-75.96807099
696,34.85865974,-120.304239
697,35.01407675,-119.6350124
698,35.1652879,-118.9629195
699,35.31226224,-118.2880222
700,35.45496957,-117.6103842
701,35.59338046,-116.9300711
702,35.72746627,-116.2471504
703,35.85719917,-115.5616912
704,35.98255214,-114.8737645
705,36.103499,-114.1834432
706,36.22001439,-113.4908015
707,36.33207384,-112.7959157
708,36.43965374,-112.0988634
709,36.54273134,-111.399724
710,36.64128481,-110.6985784
711,36.73529321,-109.9955089
712,36.82473655,-109.2905995
713,36.90959572,-108.5839352
714,36.9898526,-107.8756028
715,37.06548996,-107.1656901
716,37.13649159,-106.4542862
717,37.2028422,-105.7414814
718,37.26452751,-105.027367
719,37.3215342,-104.3120354
720,37.37384994,-103.5955802
721,37.42146343,-102.8780954
722,37.46436434,-102.1596764
723,37.50254336,-101.4404188
724,37.5359922,-100.7204193
725,37.5647036,-99.99977508
726,37.58867131,-99.27858374
727,37.60789011,-98.55694344
728,37.62235582,-97.83495268
729,37.63206528,-97.11271024
730,37.63701638,-96.3903151
731,37.63720803,-95.66786639
732,37.63264021,-94.94546327
733,37.6233139,-94.22320487
734,37.60923113,-93.50119017
735,37.59039498,-92.779518
736,37.56680954,-92.05828686
737,37.53847996,-91.33759493
738,37.50541239,-90.61753993
739,37.46761401,-89.89821904
740,37.42509305,-89.17972887
741,37.37785872,-88.46216536
742,37.32592126,-87.74562368
743,37.26929192,-87.03019818
744,37.20798292,-86.31598233
745,37.14200751,-85.60306863
746,37.0713799,-84.89154853
747,36.99611528,-84.18151241
748,36.91622982,-83.47304946
749,36.83174063,-82.76624767
750,36.74266578,-82.06119371
751,36.64902429,-81.35797295
752,36.55083609,-80.65666932
753,36.44812205,-79.95736535
754,36.34090392,-79.26014202
755,36.22920436,-78.56507881
756,36.11304693,-77.87225357
757,35.99245603,-77.18174257
758,35.86745695,-76.49362035
759,35.7380758,-75.80795979
760,35.4091647,-120.4967986
761,35.56591667,-119.8228145
762,35.71842836,-119.1458987
763,35.8666684,-118.4661142
764,36.0106062,-117.7835257
765,36.15021197,-117.0982
766,36.28545668,-116.4102058
767,36.41631214,-115.7196137
768,36.54275097,-115.026496
769,36.66474665,-114.3309268
770,36.78227349,-113.6329821
771,36.89530669,-112.9327396
772,37.0038223,-112.2302786
773,37.1077973,-111.5256802
774,37.20720955,-110.819027
775,37.30203783,-110.1104032
776,37.39226187,-109.3998945
777,37.47786231,-108.6875881
778,37.55882077,-107.9735725
779,37.6351198,-107.2579377
780,37.70674295,-106.5407748
781,37.77367473,-105.8221763
782,37.83590066,-105.1022358
783,37.89340723,-104.3810478
784,37.94618196,-103.6587079
785,37.99421336,-102.9353129
786,38.03749097,-102.2109601
787,38.07600536,-101.4857478
788,38.10974812,-100.759775
789,38.13871188,-100.0331411
790,38.1628903,-99.30594636
791,38.1822781,-98.57829133
792,38.19687103,-97.85027699
793,38.20666589,-97.12200461
794,38.21166054,-96.39357568
795,38.21185388,-95.66509183
796,38.20724588,-94.93665472
797,38.19783753,-94.20836598
798,38.18363091,-93.4803271
799,38.16462913,-92.75263939
800,38.14083633,-92.02540385
801,38.11225774,-91.29872109
802,38.0788996,-90.5726913
803,38.04076919,-89.84741407
804,37.99787485,-89.12298843
805,37.95022592,-88.39951266
806,37.89783278,-87.67708427
807,37.84070684,-86.95579994
808,37.7788605,-86.23575538
809,37.71230717,-85.51704533
810,37.64106128,-84.79976342
811,37.56513822,-84.08400217
812,37.48455438,-83.36985285
813,37.39932711,-82.65740549
814,37.30947473,-81.94674877
815,37.21501651,-81.23796997
816,37.11597265,-80.53115492
817,37.01236431,-79.82638794
818,36.90421353,-79.12375179
819,36.79154328,-78.42332764
820,36.67437743,-77.725195
821,36.55274071,-77.02943167
822,36.42665873,-76.33611374
823,19.50617578,-155.5414815
824,19.84643895,-155.0974865
825,35.79743166,-121.3680929
826,35.95976741,-120.6923513
827,36.11786083,-120.0135487
828,36.27167943,-119.331747
829,36.42119143,-118.6470103
830,36.56636585,-117.9594046
831,36.7071725,-117.2689977
832,36.84358198,-116.5758596
833,36.97556573,-115.8800622
834,37.10309602,-115.1816792
835,37.22614595,-114.4807862
836,37.34468952,-113.7774608
837,37.45870156,-113.0717822
838,37.56815785,-112.3638315
839,37.67303501,-111.6536914
840,37.77331063,-110.9414464
841,37.8689632,-110.2271825
842,37.95997216,-109.5109874
843,38.0463179,-108.7929502
844,38.12798177,-108.0731616
845,38.2049461,-107.3517135
846,38.2771942,-106.6286993
847,38.34471037,-105.9042136
848,38.40747992,-105.1783522
849,38.46548916,-104.451212
850,38.51872543,-103.7228911
851,38.56717709,-102.9934883
852,38.61083353,-102.2631036
853,38.64968518,-101.5318376
854,38.68372351,-100.7997917
855,38.71294106,-100.0670681
856,38.73733139,-99.33376932
857,38.75688914,-98.59999857
858,38.77161001,-97.86585937
859,38.78149076,-97.13145555
860,38.78652921,-96.3968912
861,38.78672425,-95.66227052
862,38.78207584,-94.92769778
863,38.772585,-94.19327718
864,38.75825382,-93.45911282
865,38.73908545,-92.72530856
866,38.71508413,-91.99196796
867,38.68625512,-91.25919421
868,38.65260476,-90.52708999
869,38.61414045,-89.79575742
870,38.57087062,-89.06529798
871,38.52280476,-88.33581242
872,38.4699534,-87.60740066
873,38.41232809,-86.88016175
874,38.34994142,-86.15419376
875,38.28280699,-85.42959369
876,38.21093941,-84.70645746
877,38.13435429,-83.98487977
878,38.05306826,-83.26495406
879,37.96709889,-82.54677245
880,37.87646477,-81.83042567
881,37.78118543,-81.11600299
882,37.68128134,-80.40359218
883,37.57677394,-79.69327942
884,37.46768558,-78.98514929
885,37.35403954,-78.2792847
886,37.23586,-77.57576682
887,37.11317204,-76.87467509
888,36.98600159,-76.17608713
889,19.92526366,-155.9029163
890,36.34669384,-121.5715171
891,36.51041177,-120.8909653
892,36.66985313,-120.2072822
893,36.82498501,-119.5205307
894,36.97577523,-118.8307759
895,37.1221924,-118.1380849
896,37.26420595,-117.4425269
897,37.40178608,-116.744173
898,37.53490386,-116.0430965
899,37.66353119,-115.3393726
900,37.78764083,-114.6330784
901,37.9072064,-113.924293
902,38.02220243,-113.2130973
903,38.13260434,-112.4995741
904,38.23838847,-111.7838079
905,38.33953207,-111.065885
906,38.43601335,-110.3458934
907,38.52781147,-109.6239227
908,38.61490655,-108.9000641
909,38.69727969,-108.1744104
910,38.77491296,-107.4470556
911,38.84778945,-106.7180955
912,38.91589324,-105.9876267
913,38.97920944,-105.2557475
914,39.03772415,-104.5225572
915,39.09142455,-103.7881561
916,39.14029883,-103.0526457
917,39.18433622,-102.3161284
918,39.22352703,-101.5787072
919,39.25786261,-100.8404863
920,39.28733538,-100.1015703
921,39.31193883,-99.36206434
922,39.3316675,-98.62207433
923,39.34651705,-97.88170639
924,39.35648417,-97.14106705
925,39.36156667,-96.40026305
926,39.36176341,-95.65940128
927,39.35707436,-94.91858867
928,39.34750055,-94.17793211
929,39.3330441,-93.43753838
930,39.31370822,-92.69751399
931,39.28949718,-91.95796516
932,39.26041633,-91.2189977
933,39.22647211,-90.48071691
934,39.187672,-89.7432275
935,39.14402458,-89.00663352
936,39.09553946,-88.27103822
937,39.04222731,-87.53654405
938,38.98409985,-86.80325248
939,38.92116984,-86.07126401
940,38.85345108,-85.34067803
941,38.78095838,-84.61159275
942,38.70370758,-83.88410516
943,38.62171552,-83.15831093
944,38.53500003,-82.43430434
945,38.44357994,-81.71217822
946,38.34747506,-80.9920239
947,38.24670614,-80.27393112
948,38.14129491,-79.557988
949,38.03126403,-78.84428098
950,37.91663708,-78.13289474
951,37.79743859,-77.4239122
952,37.67369394,-76.71741443
953,37.54542944,-76.01348064
954,36.89593441,-121.7781338
955,37.06104109,-121.092711
956,37.22183688,-120.4040844
957,37.37828841,-119.7123181
958,37.53036311,-119.0174781
959,37.67802918,-118.3196326
960,37.82125563,-117.6188522
961,37.9600123,-116.9152094
962,38.09426987,-116.2087786
963,38.22399985,-115.4996366
964,38.34917465,-114.7878622
965,38.46976754,-114.0735358
966,38.5857527,-113.3567402
967,38.69710521,-112.6375599
968,38.8038011,-111.9160813
969,38.90581732,-111.1923925
970,39.00313176,-110.4665836
971,39.09572331,-109.7387461
972,39.1835718,-109.0089734
973,39.26665808,-108.2773604
974,39.34496397,-107.5440035
975,39.41847231,-106.8090004
976,39.48716697,-106.0724505
977,39.55103285,-105.3344542
978,39.61005586,-104.5951133
979,39.66422298,-103.8545307
980,39.71352225,-103.1128103
981,39.75794275,-102.3700571
982,39.79747464,-101.6263768
983,39.83210915,-100.8818761
984,39.86183859,-100.1366624
985,39.88665636,-99.39084353
986,39.90655693,-98.64452805
987,39.92153588,-97.89782486
988,39.93158987,-97.15084324
989,39.93671667,-96.40369269
990,39.93691513,-95.65648286
991,39.9321852,-94.90932348
992,39.92252795,-94.16232419
993,39.90794552,-93.41559453
994,39.88844116,-92.66924379
995,39.86401921,-91.92338091
996,39.8346851,-91.17811443
997,39.80044535,-90.43355234
998,39.76130756,-89.68980205
999,39.71728041,-88.94697022
1000,39.66837367,-88.20516275
1001,39.61459814,-87.46448465
1002,39.55596573,-86.72503993
1003,39.49248937,-85.98693159
1004,39.42418304,-85.25026144
1005,39.35106178,-84.51513013
1006,39.27314164,-83.78163697
1007,39.19043969,-83.04987992
1008,39.10297403,-82.3199555
1009,39.01076373,-81.59195871
1010,38.91382887,-80.86598298
1011,38.81219051,-80.14212011
1012,38.70587065,-79.4204602
1013,38.59489228,-78.70109157
1014,38.4792793,-77.98410078
1015,38.35905655,-77.26957248
1016,38.23424977,-76.55758947
1017,38.10488563,-75.84823256
1018,37.4450961,-121.9880164
1019,37.61159811,-121.2976608
1020,37.77375479,-120.6040268
1021,37.93153235,-119.9071795
1022,38.08489779,-119.207186
1023,38.23381891,-118.5041157
1024,38.3782643,-117.7980404
1025,38.51820341,-117.0890339
1026,38.65360653,-116.3771722
1027,38.78444479,-115.6625335
1028,38.91069022,-114.9451981
1029,39.03231576,-114.2252481
1030,39.14929521,-113.5027681
1031,39.26160334,-112.7778444
1032,39.36921582,-112.0505651
1033,39.47210931,-111.3210205
1034,39.57026139,-110.5893025
1035,39.66365065,-109.855505
1036,39.75225665,-109.1197233
1037,39.83605995,-108.3820546
1038,39.91504215,-107.6425976
1039,39.98918584,-106.9014524
1040,40.05847465,-106.1587208
1041,40.12289327,-105.4145057
1042,40.18242742,-104.6689113
1043,40.23706389,-103.9220432
1044,40.28679054,-103.1740079
1045,40.3315963,-102.424913
1046,40.3714712,-101.6748669
1047,40.40640634,-100.9239791
1048,40.43639391,-100.1723597
1049,40.46142722,-99.42011942
1050,40.48150067,-98.66736953
1051,40.49660977,-97.91422182
1052,40.50675112,-97.16078838
1053,40.51192247,-96.4071816
1054,40.51212266,-95.653514
1055,40.50735163,-94.89989816
1056,40.49761046,-94.1464466
1057,40.48290133,-93.39327172
1058,40.46322753,-92.64048565
1059,40.43859347,-91.88820018
1060,40.40900466,-91.13652665
1061,40.3744677,-90.38557587
1062,40.3349903,-89.63545798
1063,40.29058129,-88.88628242
1064,40.24125054,-88.13815776
1065,40.18700905,-87.39119168
1066,40.12786886,-86.64549083
1067,40.0638431,-85.90116075
1068,39.99494595,-85.15830582
1069,39.92119266,-84.41702913
1070,39.8425995,-83.67743243
1071,39.75918378,-82.93961603
1072,39.67096386,-82.20367876
1073,39.57795908,-81.46971786
1074,39.48018979,-80.73782892
1075,39.37767734,-80.00810586
1076,39.27044404,-79.2806408
1077,39.15851319,-78.55552404
1078,39.04190902,-77.832844
1079,38.9206567,-77.11268717
1080,38.79478233,-76.39513807
1081,38.66431293,-75.68027918
1082,21.17977546,-157.0095375
1083,37.99412106,-122.2012405
1084,38.16202497,-121.5058894
1085,38.32554902,-120.807183
1086,38.484659,-120.1051874
1087,38.63932146,-119.3999709
1088,38.78950379,-118.6916042
1089,38.93517416,-117.9801602
1090,39.07630163,-117.265714
1091,39.21285608,-116.5483432
1092,39.34480826,-115.8281275
1093,39.47212984,-115.1051488
1094,39.59479337,-114.3794909
1095,39.71277231,-113.6512401
1096,39.82604107,-112.9204846
1097,39.93457501,-112.1873146
1098,40.03835045,-111.4518221
1099,40.13734466,-110.7141014
1100,40.23153595,-109.9742483
1101,40.32090357,-109.2323605
1102,40.40542784,-108.4885374
1103,40.48509007,-107.7428801
1104,40.55987261,-106.9954912
1105,40.62975888,-106.2464748
1106,40.69473332,-105.4959366
1107,40.75478147,-104.7439833
1108,40.80988993,-103.9907231
1109,40.86004638,-103.2362652
1110,40.90523959,-102.4807201
1111,40.94545945,-101.7241989
1112,40.98069692,-100.9668139
1113,41.0109441,-100.208678
1114,41.03619419,-99.44990497
1115,41.0564415,-98.6906089
1116,41.07168149,-97.93090452
1117,41.08191071,-97.1709069
1118,41.08712687,-96.41073135
1119,41.08732879,-95.65049338
1120,41.08251642,-94.89030853
1121,41.07269085,-94.1302923
1122,41.0578543,-93.37056004
1123,41.03801009,-92.61122684
1124,41.01316271,-91.85240741
1125,40.98331773,-91.09421603
1126,40.94848187,-90.33676637
1127,40.90866295,-89.58017146
1128,40.8638699,-88.82454355
1129,40.81411276,-88.06999403
1130,40.75940267,-87.3166333
1131,40.69975186,-86.56457074
1132,40.63517363,-85.81391456
1133,40.56568237,-85.06477173
1134,40.49129355,-84.3172479
1135,40.41202367,-83.57144733
1136,40.32789028,-82.82747276
1137,40.238912,-82.08542538
1138,40.14510843,-81.34540475
1139,40.04650023,-80.60750871
1140,39.94310902,-79.87183331
1141,39.83495744,-79.13847279
1142,39.72206909,-78.40751945
1143,39.60446855,-77.67906367
1144,39.48218133,-76.95319379
1145,39.35523388,-76.22999612
1146,39.22365358,-75.50955482
1147,39.0874687,-74.79195196
1148,21.24227028,-157.829733
1149,38.36925946,-123.1147951
1150,38.54295089,-122.4178839
1151,38.71226328,-121.7174736
1152,38.8771612,-121.0136288
1153,39.03760997,-120.3064167
1154,39.19357575,-119.5959066
1155,39.34502545,-118.8821704
1156,39.49192688,-118.1652824
1157,39.63424864,-117.4453191
1158,39.77196022,-116.7223596
1159,39.90503201,-115.996485
1160,40.03343525,-115.2677789
1161,40.15714215,-114.536327
1162,40.27612579,-113.8022172
1163,40.39036025,-113.0655398
1164,40.49982054,-112.3263867
1165,40.60448264,-111.5848524
1166,40.70432352,-110.841033
1167,40.79932117,-110.0950265
1168,40.88945458,-109.3469332
1169,40.97470376,-108.5968546
1170,41.05504977,-107.8448944
1171,41.13047471,-107.0911576
1172,41.20096176,-106.335751
1173,41.26649514,-105.5787828
1174,41.32706018,-104.8203624
1175,41.38264329,-104.0606008
1176,41.43323197,-103.2996101
1177,41.47881484,-102.5375033
1178,41.51938162,-101.7743948
1179,41.55492316,-101.0103996
1180,41.58543144,-100.2456337
1181,41.61089954,-99.4802136
1182,41.63132172,-98.71425664
1183,41.64669335,-97.94788052
1184,41.65701095,-97.18120335
1185,41.66227218,-96.41434353
1186,41.66247584,-95.64741963
1187,41.65762189,-94.88055025
1188,41.64771144,-94.11385399
1189,41.63274672,-93.34744925
1190,41.61273113,-92.58145417
1191,41.58766919,-91.81598651
1192,41.55756659,-91.05116356
1193,41.52243012,-90.287102
1194,41.48226772,-89.5239178
1195,41.43708845,-88.76172615
1196,41.38690251,-88.00064132
1197,41.33172118,-87.24077657
1198,41.27155686,-86.48224407
1199,41.20642307,-85.72515479
1200,41.1363344,-84.9696184
1201,41.06130652,-84.21574318
1202,40.98135618,-83.46363596
1203,40.89650119,-82.71340201
1204,40.8067604,-81.96514497
1205,40.71215373,-81.21896676
1206,40.61270209,-80.47496753
1207,40.50842743,-79.73324557
1208,40.39935269,-78.99389726
1209,40.2855018,-78.25701698
1210,40.16689968,-77.5226971
1211,40.04357219,-76.79102787
1212,39.91554614,-76.06209742
1213,39.78284929,-75.33599167
1214,39.64551028,-74.61279432
1215,38.91638591,-123.3399792
1216,39.09152664,-122.6380268
1217,39.26225409,-121.9324926
1218,39.42853237,-121.2234424
1219,39.59032635,-120.5109442
1220,39.74760173,-119.7950687
1221,39.90032502,-119.0758888
1222,40.04846357,-118.3534802
1223,40.19198559,-117.6279209
1224,40.33086015,-116.8992913
1225,40.46505723,-116.1676743
1226,40.5945477,-115.4331551
1227,40.71930337,-114.6958212
1228,40.83929698,-113.9557624
1229,40.95450222,-113.2130708
1230,41.06489377,-112.4678406
1231,41.17044728,-111.7201681
1232,41.27113941,-110.9701518
1233,41.36694781,-110.2178921
1234,41.45785118,-109.4634913
1235,41.54382926,-108.7070538
1236,41.62486283,-107.9486855
1237,41.70093375,-107.1884941
1238,41.77202494,-106.4265891
1239,41.8381204,-105.6630812
1240,41.89920526,-104.8980829
1241,41.95526571,-104.1317079
1242,42.00628908,-103.364071
1243,42.05226383,-102.5952885
1244,42.09317952,-101.8254775
1245,42.12902687,-101.0547562
1246,42.15979774,-100.2832435
1247,42.18548513,-99.51105921
1248,42.20608319,-98.73832361
1249,42.22158722,-97.96515762
1250,42.2319937,-97.19168249
1251,42.23730026,-96.41801982
1252,42.23750568,-95.64429133
1253,42.23260991,-94.87061884
1254,42.22261408,-94.09712411
1255,42.20752046,-93.32392872
1256,42.18733249,-92.55115399
1257,42.16205477,-91.77892081
1258,42.13169305,-91.00734959
1259,42.09625424,-90.23656012
1260,42.0557464,-89.46667144
1261,42.01017871,-88.69780175
1262,41.95956151,-87.93006833
1263,41.90390627,-87.16358739
1264,41.84322556,-86.39847398
1265,41.77753308,-85.63484191
1266,41.70684365,-84.87280365
1267,41.63117315,-84.1124702
1268,41.55053859,-83.35395105
1269,41.46495801,-82.59735408
1270,41.37445056,-81.84278543
1271,41.27903641,-81.09034948
1272,41.17873678,-80.34014876
1273,41.07357393,-79.59228386
1274,40.96357112,-78.84685335
1275,40.84875262,-78.10395377
1276,40.72914368,-77.36367951
1277,40.60477053,-76.62612281
1278,40.47566034,-75.89137364
1279,40.34184124,-75.15951973
1280,40.20334228,-74.43064647
1281,39.46319211,-123.5688085
1282,39.63978882,-122.8617517
1283,39.81193792,-122.1510282
1284,39.97960307,-121.4367044
1285,40.14274868,-120.7188496
1286,40.30133999,-119.9975355
1287,40.45534309,-119.2728363
1288,40.60472487,-118.5448291
1289,40.74945314,-117.8135933
1290,40.88949654,-117.0792109
1291,41.02482464,-116.3417662
1292,41.15540793,-115.6013464
1293,41.28121782,-114.8580407
1294,41.40222668,-114.1119408
1295,41.51840784,-113.3631408
1296,41.62973562,-112.611737
1297,41.73618532,-111.8578279
1298,41.83773329,-111.1015143
1299,41.93435685,-110.342899
1300,42.02603442,-109.5820866
1301,42.11274543,-108.8191841
1302,42.19447038,-108.0542999
1303,42.27119089,-107.2875446
1304,42.34288961,-106.5190302
1305,42.40955033,-105.7488704
1306,42.47115794,-104.9771804
1307,42.52769845,-104.2040769
1308,42.57915901,-103.4296778
1309,42.62552788,-102.6541023
1310,42.6667945,-101.8774707
1311,42.70294943,-101.0999043
1312,42.73398442,-100.3215251
1313,42.75989236,-99.54245617
1314,42.78066731,-98.76282105
1315,42.79630452,-97.98274388
1316,42.80680041,-97.20234922
1317,42.81215255,-96.42176192
1318,42.81235974,-95.64110702
1319,42.80742191,-94.86050964
1320,42.7973402,-94.08009484
1321,42.78211693,-93.29998748
1322,42.76175558,-92.52031216
1323,42.73626082,-91.74119304
1324,42.70563849,-90.96275376
1325,42.6698956,-90.18511731
1326,42.62904032,-89.40840592
1327,42.58308197,-88.63274092
1328,42.53203106,-87.85824268
1329,42.4758992,-87.08503046
1330,42.41469916,-86.31322231
1331,42.34844484,-85.54293499
1332,42.27715127,-84.77428382
1333,42.20083457,-84.00738265
1334,42.11951197,-83.2423437
1335,41.94192348,-81.71829287
1336,41.84569745,-80.95949666
1337,41.74454525,-80.20299385
1338,41.63848944,-79.4488874
1339,41.52755361,-78.69727816
1340,41.41176238,-77.94826486
1341,41.29114134,-77.20194401
1342,41.16571709,-76.45840982
1343,41.03551718,-75.71775423
1344,40.90057012,-74.98006676
1345,40.76090535,-74.24543454
1346,40.61655323,-73.51394224
1347,22.11804481,-159.4256875
1348,40.00961804,-123.8013689
1349,40.1876774,-123.0891439
1350,40.36125477,-122.3731644
1351,40.53031331,-121.653498
1352,40.69481699,-120.9302147
1353,40.85473059,-120.2033877
1354,41.01001973,-119.4730924
1355,41.1606509,-118.7394071
1356,41.30659143,-118.0024128
1357,41.44780957,-117.262193
1358,41.58427446,-116.5188338
1359,41.7159562,-115.772424
1360,41.8428258,-115.0230547
1361,41.96485524,-114.2708197
1362,42.08201748,-113.5158149
1363,42.19428649,-112.758139
1364,42.30163722,-111.9978927
1365,42.40404567,-111.235179
1366,42.50148887,-110.4701031
1367,42.59394489,-109.7027724
1368,42.68139289,-108.9332962
1369,42.7638131,-108.1617858
1370,42.84118683,-107.3883544
1371,42.91349652,-106.6131169
1372,42.98072571,-105.8361899
1373,43.04285906,-105.0576916
1374,43.09988239,-104.2777417
1375,43.15178264,-103.4964612
1376,43.19854792,-102.7139725
1377,43.24016749,-101.930399
1378,43.27663179,-101.1458652
1379,43.30793243,-100.3604966
1380,43.33406221,-99.57441941
1381,43.3550151,-98.78776062
1382,43.37078627,-98.0006477
1383,43.38137208,-97.21320861
1384,43.38677009,-96.42557162
1385,43.38697904,-95.63786519
1386,43.38199891,-94.85021785
1387,43.37183082,-94.06275807
1388,43.35647713,-93.27561414
1389,43.33594139,-92.48891404
1390,43.31022832,-91.70278533
1391,43.27934386,-90.91735498
1392,43.24329512,-90.13274931
1393,43.20209039,-89.34909383
1394,43.15573913,-88.56651315
1395,43.104252,-87.78513081
1396,43.04764079,-87.00506924
1397,42.98591846,-86.22644959
1398,42.91909911,-85.44939165
1399,42.84719799,-84.67401373
1400,42.77023145,-83.90043258
1401,42.68821698,-83.12876328
1402,42.31006795,-80.06344224
1403,42.20311437,-79.30299336
1404,42.09124054,-78.54510667
1405,41.97447142,-77.78988314
1406,41.85283297,-77.03742144
1407,41.72635215,-76.28781786
1408,41.59505689,-75.54116628
1409,41.45897611,-74.79755812
1410,41.31813964,-74.05708227
1411,41.17257826,-73.31982507
1412,41.02232366,-72.58587028
1413,40.55560316,-124.037749
1414,40.73513186,-123.320291
1415,40.91014411,-122.5989881
1416,41.0806026,-121.8739087
1417,41.24647081,-121.1451242
1418,41.40771308,-120.4127086
1419,41.56429455,-119.6767388
1420,41.71618127,-118.9372945
1421,41.86334013,-118.1944582
1422,42.00573894,-117.4483149
1423,42.14334645,-116.6989525
1424,42.2761323,-115.9464615
1425,42.40406713,-115.1909349
1426,42.52712253,-114.4324686
1427,42.64527108,-113.6711607
1428,42.75848636,-112.9071118
1429,42.866743,-112.1404252
1430,42.97001663,-111.3712061
1431,43.06828396,-110.5995625
1432,43.16152275,-109.825604
1433,43.24971186,-109.0494429
1434,43.33283121,-108.2711931
1435,43.41086187,-107.4909706
1436,43.483786,-106.7088934
1437,43.5515869,-105.925081
1438,43.61424902,-105.1396547
1439,43.67175795,-104.3527373
1440,43.72410044,-103.5644531
1441,43.77126443,-102.7749276
1442,43.81323902,-101.9842876
1443,43.8500145,-101.192661
1444,43.88158236,-100.4001767
1445,43.90793528,-99.60696437
1446,43.92906715,-98.81315437
1447,43.94497307,-98.01887774
1448,43.95564934,-97.22426594
1449,43.96109347,-96.42945077
1450,43.96130422,-95.63456426
1451,43.95628152,-94.83973846
1452,43.94602654,-94.04510539
1453,43.93054167,-93.25079689
1454,43.90983051,-92.45694446
1455,43.88389785,-91.66367913
1456,43.85274972,-90.87113138
1457,43.81639333,-90.07943096
1458,43.77483711,-89.28870679
1459,43.72809066,-88.49908683
1460,43.67616478,-87.71069797
1461,43.61907146,-86.92366588
1462,43.55682384,-86.13811492
1463,43.48943622,-85.35416803
1464,43.41692409,-84.5719466
1465,43.33930403,-83.79157039
1466,43.25659381,-83.0131574
1467,42.65457183,-78.39027163
1468,42.53681961,-77.6287392
1469,42.41415839,-76.87004034
1470,42.28661548,-76.11427348
1471,42.15421922,-75.3615345
1472,42.01699892,-74.61191674
1473,41.87498483,-73.86551091
1474,41.72820813,-73.12240505
1475,41.57670096,-72.38268452
1476,41.42049633,-71.64643196
1477,41.28209115,-123.5552836
1478,41.45854494,-122.8285887
1479,41.63040995,-122.098025
1480,41.7976492,-121.3636651
1481,41.96022653,-120.6255841
1482,42.11810666,-119.8838602
1483,42.27125513,-119.1385745
1484,42.41963843,-118.389811
1485,42.5632239,-117.6376564
1486,42.70197987,-116.8822002
1487,42.83587556,-116.1235349
1488,42.96488121,-115.3617554
1489,43.08896799,-114.5969595
1490,43.20810811,-113.8292477
1491,43.32227477,-113.0587228
1492,43.43144224,-112.2854904
1493,43.5355858,-111.5096583
1494,43.63468182,-110.7313369
1495,43.72870774,-109.9506387
1496,43.81764211,-109.1676785
1497,43.90146457,-108.3825733
1498,43.98015589,-107.5954419
1499,44.05369797,-106.8064053
1500,44.12207388,-106.0155862
1501,44.18526782,-105.2231091
1502,44.24326517,-104.4290999
1503,44.29605249,-103.6336864
1504,44.34361753,-102.8369973
1505,44.38594922,-102.039163
1506,44.42303772,-101.2403148
1507,44.45487437,-100.4405851
1508,44.48145176,-99.64010708
1509,44.50276368,-98.83901484
1510,44.51880515,-98.037443
1511,44.52957241,-97.23552666
1512,44.53506296,-96.4334013
1513,44.5352755,-95.63120259
1514,44.53020999,-94.8290663
1515,44.5198676,-94.02712811
1516,44.50425077,-93.22552351
1517,44.48336314,-92.42438766
1518,44.45720959,-91.62385524
1519,44.42579622,-90.8240603
1520,44.38913038,-90.02513619
1521,44.3472206,-89.22721535
1522,44.30007663,-88.43042923
1523,44.24770945,-87.63490814
1524,44.19013121,-86.84078114
1525,44.12735525,-86.04817592
1526,44.0593961,-85.25721867
1527,43.98626945,-84.46803396
1528,43.90799217,-83.68074466
1529,43.82458225,-82.89547181
1530,43.33125197,-79.00345035
1531,43.21748697,-78.2327035
1532,43.09874641,-77.46476127
1533,42.97505699,-76.69972684
1534,42.84644643,-75.93770078
1535,42.71294346,-75.17878107
1536,42.57457779,-74.423063
1537,42.4313801,-73.67063913
1538,42.283382,-72.92159924
1539,42.13061606,-72.17603034
1540,41.97311573,-71.43401658
1541,41.81091539,-70.69563926
1542,41.64405026,-69.96097681
1543,41.82849375,-123.7942148
1544,42.00639574,-123.0620585
1545,42.17967388,-122.3259382
1546,42.3482907,-121.5859276
1547,42.51220956,-120.8421029
1548,42.67139469,-120.0945439
1549,42.82581119,-119.3433329
1550,42.97542506,-118.5885554
1551,43.12020323,-117.8302998
1552,43.26011357,-117.0686576
1553,43.39512488,-116.3037228
1554,43.52520696,-115.5355926
1555,43.65033061,-114.7643669
1556,43.77046762,-113.9901482
1557,43.88559083,-113.2130418
1558,43.99567411,-112.4331557
1559,44.1006924,-111.6506003
1560,44.20062172,-110.8654885
1561,44.29543919,-110.0779357
1562,44.38512303,-109.2880596
1563,44.4696526,-108.4959799
1564,44.54900836,-107.7018187
1565,44.62317197,-106.9057001
1566,44.69212622,-106.1077498
1567,44.75585508,-105.3080957
1568,44.81434372,-104.5068672
1569,44.86757849,-103.7041953
1570,44.91554694,-102.9002125
1571,44.95823786,-102.0950524
1572,44.99564124,-101.2888502
1573,45.0277483,-100.4817418
1574,45.0545515,-99.67386413
1575,45.07604454,-98.86535501
1576,45.09222237,-98.05635281
1577,45.10308118,-97.24699644
1578,45.10861841,-96.43742518
1579,45.10883276,-95.62777851
1580,45.10372417,-94.818196
1581,45.09329386,-94.00881717
1582,45.07754427,-93.1997813
1583,45.05647911,-92.39122734
1584,45.03010335,-91.58329372
1585,44.99842317,-90.77611827
1586,44.96144602,-89.96983799
1587,44.91918058,-89.16458901
1588,44.87163675,-88.36050638
1589,44.81882566,-87.55772398
1590,44.76075965,-86.75637438
1591,44.69745228,-85.95658869
1592,44.62891827,-85.15849647
1593,44.55517358,-84.36222561
1594,44.47623529,-83.56790217
1595,44.39212169,-82.77565033
1596,43.53546772,-76.52640451
1597,43.40578389,-75.75802129
1598,43.27116845,-74.99282556
1599,43.13165151,-74.2309146
1600,42.98726419,-73.47238289
1601,42.83803855,-72.71732198
1602,42.68400758,-71.96582054
1603,42.52520521,-71.21796428
1604,42.37427762,-124.0371809
1605,42.55363453,-123.2994927
1606,42.72833245,-122.5577423
1607,42.89833341,-121.8120045
1608,43.06360029,-121.0623567
1609,43.22409683,-120.30888
1610,43.37978766,-119.5516582
1611,43.53063832,-118.7907783
1612,43.67661527,-118.0263305
1613,43.81768594,-117.2584079
1614,43.9538187,-116.4871067
1615,44.08498291,-115.7125259
1616,44.21114897,-114.9347676
1617,44.33228826,-114.1539368
1618,44.44837322,-113.370141
1619,44.55937736,-112.5834907
1620,44.66527524,-111.7940989
1621,44.76604254,-111.0020815
1622,44.86165603,-110.2075565
1623,44.95209362,-109.4106445
1624,45.03733435,-108.6114684
1625,45.1173584,-107.8101534
1626,45.19214715,-107.0068267
1627,45.26168312,-106.2016175
1628,45.32595006,-105.394657
1629,45.38493289,-104.5860782
1630,45.43861776,-103.7760155
1631,45.48699204,-102.9646051
1632,45.53004434,-102.1519843
1633,45.56776449,-101.338292
1634,45.60014358,-100.5236678
1635,45.62717396,-99.70825276
1636,45.64884923,-98.89218833
1637,45.66516425,-98.07561685
1638,45.67611516,-97.25868116
1639,45.68169936,-96.44152447
1640,45.68191553,-95.62429024
1641,45.67676361,-94.807122
1642,45.66624483,-93.99016321
1643,45.65036167,-93.1735571
1644,45.62911792,-92.35744656
1645,45.60251859,-91.54197393
1646,45.57056999,-90.72728089
1647,45.53327966,-89.91350832
1648,45.49065643,-89.10079611
1649,45.44271035,-88.28928308
1650,45.38945271,-87.47910679
1651,45.33089606,-86.67040344
1652,45.26705413,-85.8633077
1653,45.19794191,-85.05795263
1654,45.12357556,-84.25446951
1655,45.04397246,-83.45298774
1656,44.95915114,-82.65363475
1657,44.0953291,-76.34999432
1658,43.96456632,-75.57515385
1659,43.82883258,-74.80358478
1660,43.68815843,-74.03538649
1661,43.54257541,-73.27065535
1662,43.39211602,-72.50948476
1663,43.23681373,-71.75196507
1664,43.07670292,-70.99818357
1665,42.9193803,-124.284281
1666,43.10019887,-123.5409895
1667,43.27632325,-122.7935345
1668,43.44771497,-122.0419918
1669,43.61433641,-121.2864401
1670,43.77615082,-120.5269617
1671,43.93312234,-119.763642
1672,44.08521605,-118.9965697
1673,44.23239793,-118.2258365
1674,44.37463495,-117.4515374
1675,44.51189505,-116.6737705
1676,44.64414716,-115.8926372
1677,44.77136124,-115.1082415
1678,44.89350825,-114.3206907
1679,45.01056025,-113.5300951
1680,45.12249036,-112.7365675
1681,45.22927276,-111.9402238
1682,45.33088277,-111.1411824
1683,45.42729683,-110.3395646
1684,45.5184925,-109.5354938
1685,45.6044485,-108.7290961
1686,45.68514475,-107.9205
1687,45.7605623,-107.109836
1688,45.83068344,-106.2972368
1689,45.89549165,-105.482837
1690,45.95497162,-104.6667732
1691,46.0091093,-103.8491837
1692,46.05789186,-103.0302081
1693,46.10130772,-102.2099879
1694,46.13934657,-101.3886656
1695,46.17199936,-100.566385
1696,46.1992583,-99.74329085
1697,46.22111691,-98.91952879
1698,46.23756997,-98.09524517
1699,46.24861354,-97.27058691
1700,46.254245,-96.44570133
1701,46.25446299,-95.62073598
1702,46.24926748,-94.79583851
1703,46.23865968,-93.97115649
1704,46.22264215,-93.14683725
1705,46.2012187,-92.32302776
1706,46.17439445,-91.49987441
1707,46.14217578,-90.6775229
1708,46.10457038,-89.8561181
1709,46.06158719,-89.03580383
1710,46.01323642,-88.21672281
1711,45.95952956,-87.39901642
1712,45.90047932,-86.58282461
1713,45.83609967,-85.76828575
1714,45.76640581,-84.95553652
1715,45.69141416,-84.14471171
1716,45.61114235,-83.33594419
1717,44.52273176,-75.3890145
1718,44.38587384,-74.61097275
1719,44.24403645,-73.83639072
1720,44.09725159,-73.06536676
1721,43.94555221,-72.29799613
1722,43.78897224,-71.5343709
1723,43.62754654,-70.77457996
1724,43.64602585,-123.7866503
1725,43.82358342,-123.0334151
1726,43.99637258,-122.2759885
1727,44.16435517,-121.5144507
1728,44.32749397,-120.7488853
1729,44.48575261,-119.9793791
1730,44.63909568,-119.2060224
1731,44.78748871,-118.4289088
1732,44.93089818,-117.6481351
1733,45.06929159,-116.8638014
1734,45.20263742,-116.0760112
1735,45.33090518,-115.2848709
1736,45.45406545,-114.4904901
1737,45.57208985,-113.6929816
1738,45.6849511,-112.8924609
1739,45.79262302,-112.0890467
1740,45.89508055,-111.2828604
1741,45.99229977,-110.474026
1742,46.08425792,-109.6626704
1743,46.1709334,-108.8489228
1744,46.25230579,-108.0329149
1745,46.32835588,-107.2147809
1746,46.39906568,-106.3946569
1747,46.46441841,-105.5726813
1748,46.52439854,-104.7489943
1749,46.57899178,-103.923738
1750,46.6281851,-103.0970561
1751,46.67196675,-102.2690938
1752,46.71032626,-101.4399978
1753,46.74325442,-100.6099159
1754,46.77074335,-99.77899697
1755,46.79278643,-98.94739089
1756,46.80937838,-98.11524819
1757,46.82051519,-97.28272003
1758,46.8261942,-96.44995797
1759,46.82641404,-95.61711383
1760,46.82117465,-94.78433954
1761,46.81047729,-93.95178692
1762,46.79432454,-93.11960758
1763,46.77272029,-92.2879527
1764,46.74566972,-91.45697289
1765,46.71317932,-90.62681804
1766,46.67525691,-89.79763713
1767,46.63191155,-88.9695781
1768,46.58315364,-88.14278767
1769,46.52899481,-87.3174112
1770,46.469448,-86.49359254
1771,46.4045274,-85.67147388
1772,46.33424842,-84.85119564
1773,44.94222979,-74.4149005
1774,44.79922309,-73.63383634
1775,44.65123019,-72.85642432
1776,44.4982845,-72.08276156
1777,44.34042043,-71.3129419
1778,44.17767333,-70.54705586
1779,44.01007946,-69.78519059
1780,44.19105212,-124.0365798
1781,44.37004968,-123.2774875
1782,44.54424299,-122.5140969
1783,44.7135934,-121.7464895
1784,44.87806316,-120.9747502
1785,45.03761541,-120.1989673
1786,45.19221424,-119.4192327
1787,45.34182469,-118.6356418
1788,45.48641279,-117.8482933
1789,45.62594554,-117.0572895
1790,45.76039099,-116.2627358
1791,45.8897182,-115.4647412
1792,46.01389731,-114.6634177
1793,46.13289954,-113.8588806
1794,46.2466972,-113.0512483
1795,46.35526372,-112.2406422
1796,46.45857365,-111.4271867
1797,46.55660272,-110.6110091
1798,46.64932782,-109.7922393
1799,46.73672701,-108.97101
1800,46.81877958,-108.1474564
1801,46.89546601,-107.3217161
1802,46.96676802,-106.493929
1803,47.03266859,-105.6642373
1804,47.09315192,-104.832785
1805,47.14820352,-103.9997182
1806,47.19781014,-103.1651846
1807,47.24195986,-102.3293337
1808,47.28064202,-101.492316
1809,47.31384728,-100.6542839
1810,47.34156762,-99.81539039
1811,47.36379634,-98.97578971
1812,47.38052805,-98.13563675
1813,47.39175869,-97.29508709
1814,47.39748556,-96.45429669
1815,47.39770724,-95.61342183
1816,47.39242371,-94.77261885
1817,47.38163622,-93.93204401
1818,47.36534741,-93.09185335
1819,47.34356121,-92.25220243
1820,47.3162829,-91.41324627
1821,47.28351909,-90.57513906
1822,47.24527768,-89.7380341
1823,47.20156792,-88.90208355
1824,47.15240033,-88.06743832
1825,47.09778677,-87.23424789
1826,47.03774036,-86.40266016
1827,46.97227551,-85.57282128
1828,44.89109519,-71.08757873
1829,44.72702012,-70.31551041
1830,44.55806138,-69.54756706
1831,44.38425667,-68.78383384
1832,44.9156583,-123.5258587
1833,45.09126255,-122.7564228
1834,45.2619875,-121.9826609
1835,45.42779486,-121.2046592
1836,45.58864729,-120.4225077
1837,45.74450834,-119.6362998
1838,45.89534259,-118.8461328
1839,46.04111555,-118.0521074
1840,46.18179377,-117.2543279
1841,46.31734482,-116.452902
1842,46.44773732,-115.647941
1843,46.57294097,-114.8395595
1844,46.69292654,-114.0278754
1845,46.80766595,-113.21301
1846,46.91713221,-112.3950876
1847,47.02129951,-111.5742357
1848,47.12014319,-110.7505848
1849,47.21363979,-109.9242682
1850,47.30176703,-109.095422
1851,47.38450387,-108.2641849
1852,47.4618305,-107.4306984
1853,47.53372835,-106.5951062
1854,47.60018012,-105.7575542
1855,47.66116977,-104.9181906
1856,47.71668258,-104.0771655
1857,47.76670509,-103.2346309
1858,47.81122518,-102.3907403
1859,47.85023203,-101.545649
1860,47.88371614,-100.6995134
1861,47.91166937,-99.85249114
1862,47.9340849,-99.00474088
1863,47.95095726,-98.1564221
1864,47.96228234,-97.30769492
1865,47.96805735,-96.45871991
1866,47.96828091,-95.60965793
1867,47.96295294,-94.76066996
1868,47.95207475,-93.91191686
1869,47.93564901,-93.06355926
1870,47.91367971,-92.2157573
1871,47.88617222,-91.36867053
1872,47.85313325,-90.52245766
1873,47.81457084,-89.67727644
1874,47.77049438,-88.83328343
1875,47.72091457,-87.9906339
1876,47.66584344,-87.1494816
1877,45.27552331,-70.07983942
1878,45.105193,-69.30573281
1879,44.92998026,-68.5359454
1880,44.74992421,-67.77056012
1881,45.46034514,-123.7786392
1882,45.63736719,-123.0030753
1883,45.80947347,-122.2230726
1884,45.97662517,-121.4387187
1885,46.1387844,-120.650105
1886,46.29591424,-119.8573267
1887,46.44797872,-119.0604829
1888,46.59494287,-118.2596763
1889,46.73677277,-117.4550132
1890,46.87343549,-116.6466039
1891,47.00489921,-115.8345618
1892,47.13113316,-115.0190043
1893,47.25210769,-114.2000521
1894,47.36779428,-113.3778292
1895,47.47816553,-112.552463
1896,47.58319525,-111.7240843
1897,47.68285838,-110.8928267
1898,47.7771311,-110.0588271
1899,47.8659908,-109.2222251
1900,47.94941609,-108.3831633
1901,48.02738686,-107.5417869
1902,48.09988424,-106.6982434
1903,48.16689064,-105.852683
1904,48.2283898,-105.0052579
1905,48.28436673,-104.1561225
1906,48.33480776,-103.3054332
1907,48.37970058,-102.453348
1908,48.41903419,-101.6000265
1909,48.45279895,-100.7456297
1910,48.48098656,-99.89032002
1911,48.50359011,-99.03426069
1912,48.52060403,-98.17761594
1913,48.53202414,-97.32055062
1914,48.53784763,-96.4632301
1915,48.53807306,-95.60582002
1916,48.53270038,-94.74848615
1917,48.5217309,-93.89139415
1918,48.50516734,-93.03470941
1919,45.82311893,-69.83993517
1920,45.65141024,-69.05957873
1921,45.47478262,-68.28365424
1922,45.29327571,-67.51224585
1923,46.18249244,-123.2541673
1924,46.35598693,-122.4678362
1925,46.52448976,-121.6770385
1926,46.68796253,-120.8818674
1927,46.84636778,-120.0824198
1928,46.99966903,-119.2787964
1929,47.14783081,-118.4711022
1930,47.29081868,-117.6594455
1931,47.42859925,-116.843939
1932,47.56114021,-116.0246987
1933,47.68841033,-115.2018445
1934,47.81037951,-114.3754999
1935,47.9270188,-113.5457921
1936,48.03830039,-112.7128515
1937,48.14419766,-111.8768121
1938,48.24468518,-111.0378111
1939,48.33973875,-110.1959888
1940,48.42933539,-109.3514886
1941,48.5134534,-108.5044569
1942,48.59207232,-107.6550427
1943,48.66517298,-106.8033979
1944,48.73273754,-105.9496767
1945,48.79474944,-105.0940358
1946,48.85119345,-104.2366339
1947,48.90205571,-103.3776318
1948,48.94732367,-102.5171922
1949,48.98698616,-101.6554794
1950,46.36974257,-69.5956863
1951,46.19664865,-68.80899208
1952,46.01859922,-68.02684635
1953,46.72657345,-123.5098155
1954,46.90146309,-122.7170669
1955,47.07132395,-121.9197325
1956,47.23611708,-121.1179071
1957,47.39580447,-120.3116892
1958,47.55034912,-119.5011816
1959,47.69971505,-118.686491
1960,47.8438673,-117.8677284
1961,47.98277198,-117.0450084
1962,48.1163963,-116.21845
1963,48.24470857,-115.3881756
1964,48.36767821,-114.5543117
1965,48.48527583,-113.7169884
1966,48.59747319,-112.8763394
1967,48.70424325,-112.0325022
1968,48.80556019,-111.1856173
1969,48.90139942,-110.3358288
1970,48.9917376,-109.483284
1971,46.91532949,-69.34697764
1972,46.74084337,-68.55385628
1973,47.26954496,-123.7701405
1974,47.44583681,-122.9708839
1975,47.61706269,-122.1669184
1976,47.78318309,-121.3583399
1977,47.94415946,-120.545249
1978,48.09995425,-119.7277503
1979,48.25053096,-118.9059526
1980,48.39585409,-118.0799691
1981,48.53588927,-117.2499171
1982,48.67060319,-116.4159179
1983,48.79996367,-115.5780969
1984,48.92393969,-114.7365834
1985,47.28392918,-68.29405081
1986,47.81134139,-124.035267
1987,47.98904258,-123.2294107
1988,48.16164057,-122.4187178
1989,48.32909526,-121.6032859
1990,48.49136755,-120.7832173
1991,48.64841933,-119.9586186
1992,48.80021355,-119.1296007
1993,48.9467142,-118.2962792
1994,48.35189674,-124.3053241
1995,48.70499184,-122.6752568
1996,48.87378796,-121.8528694
1997,54.66953897,-133.1571895
1998,54.89686092,-132.278954
1999,55.11878491,-131.3928331
2000,55.33525564,-130.4989056
2001,55.17508995,-133.5580384
2002,55.40412944,-132.6726967
2003,55.62773779,-131.779242
2004,55.84585889,-130.8777524
2005,55.90901814,-133.0745538
2006,56.13432047,-132.1736872
2007,56.35410166,-131.2645491
2008,56.17895171,-134.3845238
2009,56.41145478,-133.4847611
2010,56.63846088,-132.5764054
2011,56.67711724,-134.8106379
2012,56.91136675,-133.9035628
2013,57.14008663,-132.9876418
2014,57.1726751,-135.2456653
2015,57.40868107,-134.3312121
2016,57.63912496,-133.4076508
2017,57.66555172,-135.6898664
2018,57.90332439,-134.7679709
2019,58.13550275,-133.8366959
2020,58.15567317,-136.1435105
2021,58.39522297,-135.2141109
2022,58.62914648,-134.2750504
2023,58.64296508,-136.6068767
2024,58.8843027,-135.6699135
2025,59.11998226,-134.7229979
2026,58.87859131,-138.0145291
2027,59.37048902,-136.1356703
2028,59.6079358,-135.1808321
2029,59.35815948,-138.5055808
2030,59.57659133,-139.945361
2031,59.83466151,-139.0072916
2032,60.0480603,-140.4651587
2033,60.30802107,-139.5199781
2034,60.24883229,-141.9369355
2035,60.15640642,-144.3454557
2036,60.43685867,-143.4219721
2037,60.71182382,-142.4865098
2038,60.98122982,-141.5390537
2039,56.12071033,-156.6743707
2040,57.16256967,-154.3477543
2041,57.50073008,-153.5495948
2042,57.83420162,-152.7399342
2043,58.16290882,-151.9186647
2044,60.32413823,-145.8368765
2045,60.61202696,-144.9195758
2046,60.89447824,-143.9899879
2047,61.17141859,-143.0480796
2048,61.44277486,-142.0938287
2049,61.70847441,-141.127224
2050,55.08352547,-160.2680354
2051,55.82165005,-158.8127709
2052,56.18438201,-158.0687424
2053,56.54279248,-157.3135988
2054,56.8968054,-156.5472051
2055,58.59824092,-152.5419794
2056,59.24536576,-150.8568042
2057,59.56145589,-149.9959793
2058,59.87246323,-149.1228699
2059,60.17831196,-148.2373897
2060,60.47892647,-147.3394607
2061,60.77423134,-146.4290127
2062,61.0641514,-145.5059848
2063,61.34861176,-144.5703257
2064,61.62753787,-143.6219941
2065,61.90085552,-142.6609596
2066,62.16849093,-141.6872036
2067,54.73382381,-162.3380446
2068,55.11537481,-161.6363923
2069,55.49290037,-160.924003
2070,55.86632431,-160.2007258
2071,56.23557034,-159.4664109
2072,56.60056202,-158.7209101
2073,56.96122277,-157.9640776
2074,57.31747592,-157.1957695
2075,57.66924471,-156.4158449
2076,58.01645228,-155.6241659
2077,58.35902173,-154.8205983
2078,58.69687611,-154.0050118
2079,59.02993845,-153.1772807
2080,59.35813178,-152.3372842
2081,59.68137918,-151.484907
2082,59.99960373,-150.6200399
2083,60.31272865,-149.7425801
2084,60.62067723,-148.8524323
2085,60.92337291,-147.9495088
2086,61.2207393,-147.0337304
2087,61.51270024,-146.1050269
2088,61.79917981,-145.1633378
2089,62.08010237,-144.2086132
2090,62.35539264,-143.2408142
2091,62.62497571,-142.2599136
2092,62.88877709,-141.2658968
2093,54.74710396,-163.6975815
2094,55.13489949,-163.0061562
2095,55.51873947,-162.3039686
2096,55.8985474,-161.5908589
2097,57.73441713,-157.8559509
2098,58.08841712,-157.0740157
2099,58.4378452,-156.2800796
2100,58.78262377,-155.4739989
2101,59.12267516,-154.6556337
2102,59.45792165,-153.8248484
2103,59.78828551,-152.9815126
2104,60.11368897,-152.1255009
2105,60.4340543,-151.2566942
2106,60.74930382,-150.3749797
2107,61.05935992,-149.480252
2108,61.3641451,-148.5724134
2109,61.66358198,-147.6513748
2110,61.9575934,-146.7170562
2111,62.24610238,-145.7693874
2112,62.52903221,-144.8083088
2113,62.8063065,-143.8337724
2114,63.07784917,-142.8457419
2115,63.34358458,-141.8441942
2116,53.54366296,-167.0371124
2117,53.94882859,-166.3875654
2118,58.50378248,-157.744188
2119,58.85543315,-156.9481386
2120,59.20242361,-156.1396847
2121,59.54467549,-155.3186763
2122,59.8821103,-154.4849677
2123,60.21464954,-153.6384178
2124,60.54221463,-152.778891
2125,60.86472699,-151.9062574
2126,61.18210806,-151.0203938
2127,61.49427931,-150.121184
2128,61.80116229,-149.2085196
2129,62.10267865,-148.2823009
2130,62.39875019,-147.3424374
2131,62.68929887,-146.3888485
2132,62.9742469,-145.4214643
2133,63.25351673,-144.4402268
2134,63.52703114,-143.4450899
2135,63.79471327,-142.4360209
2136,64.05648668,-141.4130011
2137,53.51453724,-168.3641525
2138,58.5567947,-159.2121166
2139,58.915261,-158.4266117
2140,59.26913608,-157.6286027
2141,59.61834096,-156.8179257
2142,59.96279657,-155.9944199
2143,60.30242367,-155.157929
2144,60.63714298,-154.3083009
2145,60.96687511,-153.4453889
2146,61.29154064,-152.5690519
2147,61.61106011,-151.6791554
2148,61.92535409,-150.7755719
2149,62.23434316,-149.8581816
2150,62.53794798,-148.9268736
2151,62.83608931,-147.9815458
2152,63.12868804,-147.0221067
2153,63.41566528,-146.0484754
2154,63.69694232,-145.0605827
2155,63.97244075,-144.0583722
2156,64.2420825,-143.0418008
2157,64.50578984,-142.01084
2158,58.96207165,-159.908584
2159,59.32277246,-159.1215399
2160,59.67887347,-158.3217355
2161,60.03029504,-157.508996
2162,60.37695738,-156.6831496
2163,60.71878053,-155.8440284
2164,61.05568441,-154.991469
2165,61.38758883,-154.1253128
2166,61.71441352,-153.2454071
2167,62.03607815,-152.3516053
2168,62.35250235,-151.4437679
2169,62.66360575,-150.521763
2170,62.969308,-149.5854675
2171,63.26952881,-148.6347675
2172,63.56418801,-147.6695592
2173,63.85320555,-146.6897498
2174,64.13650158,-145.6952586
2175,64.41399648,-144.6860177
2176,64.68561092,-143.6619728
2177,64.9512659,-142.6230845
2178,65.21088283,-141.5693289
2179,58.62392612,-162.1561455
2180,58.9958371,-161.3932095
2181,59.36330042,-160.6176343
2182,59.72623621,-159.8292287
2183,60.08456438,-159.027804
2184,60.43820462,-158.2131738
2185,60.78707643,-157.3851547
2186,61.13109914,-156.5435668
2187,61.47019187,-155.6882347
2188,61.80427365,-154.8189874
2189,62.13326336,-153.9356596
2190,62.45707977,-153.0380922
2191,62.77564159,-152.1261327
2192,63.08886748,-151.1996366
2193,63.39667609,-150.2584678
2194,63.69898608,-149.3024993
2195,63.99571617,-148.3316146
2196,64.28678519,-147.3457082
2197,64.5721121,-146.3446867
2198,64.85161606,-145.3284697
2199,65.12521645,-144.2969908
2200,65.39283297,-143.2501989
2201,65.65438568,-142.1880587
2202,65.90979504,-141.1105524
2203,52.05104906,-174.0873948
2204,59.76040032,-161.3395151
2205,60.1255712,-160.5499371
2206,60.48612741,-159.7470786
2207,60.84198799,-158.9307412
2208,61.19307173,-158.1007292
2209,61.53929723,-157.2568504
2210,61.88058288,-156.3989164
2211,62.21684688,-155.5267435
2212,62.54800726,-154.6401529
2213,62.87398192,-153.7389723
2214,63.19468864,-152.8230356
2215,63.51004511,-151.8921845
2216,63.81996896,-150.9462693
2217,64.1243778,-149.9851491
2218,64.42318925,-149.0086938
2219,64.71632097,-148.0167839
2220,65.00369073,-147.0093126
2221,65.28521645,-145.986186
2222,65.56081622,-144.9473246
2223,65.8304084,-143.8926643
2224,66.09391167,-142.8221577
2225,66.35124505,-141.7357748
2226,51.95777543,-175.3687155
2227,60.15329023,-162.0744762
2228,60.52069595,-161.2839265
2229,60.88348072,-160.4798326
2230,61.24156295,-159.6619836
2231,61.59486077,-158.8301711
2232,61.94329203,-157.9841899
2233,62.28677438,-157.123838
2234,62.62522521,-156.2489181
2235,62.95856172,-155.3592376
2236,63.28670093,-154.4546096
2237,63.60955969,-153.5348542
2238,63.92705471,-152.5997982
2239,64.23910261,-151.6492774
2240,64.54561994,-150.6831361
2241,64.84652319,-149.7012294
2242,65.14172887,-148.7034233
2243,65.43115354,-147.6895961
2244,65.71471384,-146.6596396
2245,65.99232657,-145.6134599
2246,66.26390872,-144.5509792
2247,66.52937755,-143.4721361
2248,66.78865064,-142.3768878
2249,67.04164597,-141.2652107
2250,51.85287387,-176.645332
2251,60.16770436,-163.6004934
2252,60.54188867,-162.8227692
2253,60.91152852,-162.0314605
2254,61.276542,-161.226342
2255,61.63684685,-160.4071899
2256,61.99236053,-159.5737825
2257,62.3430002,-158.7259007
2258,62.68868274,-157.8633286
2259,63.02932476,-156.9858543
2260,63.36484263,-156.0932706
2261,63.69515248,-155.1853758
2262,64.02017024,-154.2619746
2263,64.33981165,-153.3228785
2264,64.65399231,-152.3679075
2265,64.96262769,-151.3968905
2266,65.26563317,-150.4096666
2267,65.56292409,-149.406086
2268,65.85441576,-148.3860114
2269,66.14002357,-147.3493189
2270,66.41966298,-146.2958993
2271,66.69324958,-145.2256593
2272,66.96069921,-144.1385231
2273,67.22192796,-143.0344332
2274,67.47685227,-141.9133524
2275,51.73639823,-177.9167262
2276,59.78353243,-165.8780999
2277,60.54969235,-164.3626509
2278,60.92611371,-163.5846469
2279,61.29798659,-162.7928045
2280,61.66522848,-161.9868853
2281,62.0277565,-161.166652
2282,62.38548747,-160.3318689
2283,62.73833784,-159.4823024
2284,63.08622374,-158.617722
2285,63.42906102,-157.7379007
2286,63.76676521,-156.8426158
2287,64.09925156,-155.9316498
2288,64.4264351,-155.0047911
2289,64.74823058,-154.0618351
2290,65.06455258,-153.1025852
2291,65.37531549,-152.1268536
2292,65.68043358,-151.1344624
2293,65.97982099,-150.125245
2294,66.27339181,-149.0990471
2295,66.56106011,-148.055728
2296,66.84274002,-146.9951618
2297,67.11834574,-145.9172388
2298,67.38779161,-144.8218669
2299,67.65099222,-143.7089732
2300,67.90786243,-142.578505
2301,68.15831747,-141.4304318
2302,60.15659045,-166.6532273
2303,60.92722707,-165.1384078
2304,61.30588305,-164.360363
2305,61.67998736,-163.5682254
2306,62.04945692,-162.761743
2307,62.41420826,-161.9406643
2308,62.77415752,-161.104739
2309,63.1292205,-160.2537187
2310,63.47931259,-159.3873572
2311,63.82434887,-158.5054117
2312,64.16424404,-157.6076432
2313,64.4989125,-156.6938175
2314,64.82826834,-155.7637062
2315,65.15222536,-154.8170872
2316,65.47069712,-153.8537464
2317,65.78359694,-152.8734781
2318,66.09083793,-151.8760865
2319,66.39233306,-150.8613868
2320,66.68799516,-149.8292066
2321,66.97773702,-148.7793869
2322,67.26147136,-147.711784
2323,67.53911098,-146.6262702
2324,67.81056872,-145.5227361
2325,68.07575764,-144.4010913
2326,68.33459096,-143.2612667
2327,68.58698227,-142.1032156
2328,61.30022634,-165.9280052
2329,61.68111398,-165.1501719
2330,62.05744762,-164.3579913
2331,62.42914363,-163.5511972
2332,62.79611794,-162.7295235
2333,63.15828608,-161.8927047
2334,63.51556316,-161.0404766
2335,63.86786387,-160.172577
2336,64.21510252,-159.2887464
2337,64.55719301,-158.3887286
2338,64.89404887,-157.472272
2339,65.2255833,-156.5391301
2340,65.55170912,-155.5890627
2341,65.87233887,-154.6218367
2342,66.1873848,-153.6372277
2343,66.49675888,-152.6350206
2344,66.80037289,-151.6150113
2345,67.0981384,-150.5770079
2346,67.38996687,-149.5208319
2347,67.67576966,-148.44632
2348,67.95545809,-147.3533254
2349,68.22894352,-146.2417193
2350,68.49613739,-145.1113929
2351,68.75695133,-143.9622588
2352,69.01129719,-142.7942525
2353,69.25908716,-141.607335
2354,62.0517234,-165.954328
2355,62.43028372,-165.1623707
2356,62.80420442,-164.3555311
2357,63.17340087,-163.533528
2358,63.53778799,-162.69608
2359,64.25179155,-160.9737284
2360,64.60123554,-160.0882689
2361,64.94552532,-159.1862538
2362,65.28457355,-158.2674129
2363,65.61829254,-157.3314809
2364,65.94659415,-156.3781981
2365,66.2693899,-155.4073118
2366,66.58659096,-154.4185772
2367,66.89810818,-153.411759
2368,67.20385213,-152.3866323
2369,67.50373312,-151.3429843
2370,67.79766127,-150.2806156
2371,68.08554655,-149.1993418
2372,68.3672988,-148.0989952
2373,68.64282786,-146.9794265
2374,68.91204356,-145.8405062
2375,69.17485585,-144.6821271
2376,69.43117485,-143.5042053
2377,69.68091093,-142.306683
2378,64.63100895,-161.7911619
2379,64.98266084,-160.9043476
2380,65.32915346,-160.0006054
2381,65.67039866,-159.0796459
2382,66.00630783,-158.1411835
2383,66.33679191,-157.1849383
2384,66.6617614,-156.2106365
2385,66.9811264,-155.2180121
2386,67.29479663,-154.2068079
2387,67.60268144,-153.1767768
2388,67.90468989,-152.1276839
2389,68.20073075,-151.0593071
2390,68.49071258,-149.9714394
2391,68.77454374,-148.8638906
2392,69.0521325,-147.7364888
2393,69.32338707,-146.5890824
2394,69.58821569,-145.4215422
2395,69.8465267,-144.2337632
2396,70.09822863,-143.0256668
2397,64.64649212,-163.4961161
2398,65.00542879,-162.6252308
2399,65.35929063,-161.7373547
2400,65.7079892,-160.8321752
2401,66.05143553,-159.9093825
2402,66.38954014,-158.9686701
2403,66.72221302,-158.0097363
2404,67.04936369,-157.0322854
2405,67.37090116,-156.0360286
2406,67.68673404,-155.0206855
2407,67.99677047,-153.9859856
2408,68.30091824,-152.9316698
2409,68.59908476,-151.8574921
2410,68.89117717,-150.7632212
2411,69.17710235,-149.6486424
2412,69.45676698,-148.5135594
2413,69.73007761,-147.3577965
2414,69.99694075,-146.1812006
2415,64.64767404,-165.2018303
2416,65.0138128,-164.3475675
2417,65.37496312,-163.4762907
2418,65.73103643,-162.5876655
2419,66.08194356,-161.6813589
2420,66.42759473,-160.7570395
2421,66.76789959,-159.814379
2422,67.10276722,-158.8530528
2423,67.43210614,-157.8727417
2424,67.75582432,-156.873133
2425,68.07382922,-155.8539217
2426,68.3860278,-154.8148123
2427,68.69232657,-153.7555201
2428,68.9926316,-152.6757732
2429,69.28684858,-151.5753141
2430,69.57488289,-150.4539018
2431,69.8566396,-149.3113137
2432,70.1320236,-148.1473477
2433,65.00780682,-166.0700153
2434,65.3761595,-165.2160331
2435,65.73952334,-164.344699
2436,66.09780908,-163.4556582
2437,66.45092683,-162.5485559
2438,66.79878602,-161.6230384
2439,67.14129546,-160.6787543
2440,67.47836334,-159.7153551
2441,67.80989719,-158.7324969
2442,68.13580393,-157.7298415
2443,68.45598992,-156.7070579
2444,68.77036092,-155.6638239
2445,69.07882217,-154.5998275
2446,69.38127837,-153.5147692
2447,69.67763381,-152.4083633
2448,69.9677923,-151.2803404
2449,70.25165734,-150.1304495
2450,70.5291321,-148.9584601
2451,63.43833027,-170.9696275
2452,65.3628789,-166.9551977
2453,65.73344364,-166.1018504
2454,66.09902021,-165.2308141
2455,66.4595187,-164.3417125
2456,67.16491834,-162.5078046
2457,67.50963618,-161.5622455
2458,67.84890929,-160.5971174
2459,68.18264428,-159.6120505
2460,68.51074705,-158.6066796
2461,68.83312282,-157.5806463
2462,69.14967618,-156.5335998
2463,69.46031111,-155.4651993
2464,69.76493096,-154.3751154
2465,70.06343856,-153.2630324
2466,70.35573622,-152.1286505
2467,65.71280183,-167.8576938
2468,67.52589982,-163.4117665
2469,67.87282924,-162.4653061
2470,68.21431205,-161.4988194
2471,68.55025388,-160.511909
2472,68.88055963,-159.5041816
2473,69.20513345,-158.4752495
2474,69.52387875,-157.4247318
2475,69.83669824,-156.3522567
2476,70.14349394,-155.2574633
2477,70.44416723,-154.1400036
2478,70.73861888,-152.9995449
2479,52.91349852,172.3813395
2480,67.88163774,-164.3353551
2481,68.2307813,-163.3883935
2482,68.5744776,-162.4209456
2483,68.9126314,-161.4325854
2484,69.24514658,-160.4228897
2485,69.57192623,-159.3914397
2486,69.89287259,-158.3378229
2487,70.20788714,-157.2616345
2488,70.51687055,-156.1624799
2489,70.81972278,-155.0399767
2490,68.23203852,-165.2790025
2491,68.58339805,-164.3319674
2492,68.92931099,-163.3639847
2493,69.26968122,-162.374598
2494,69.60441166,-161.3633529
2495,69.93340435,-160.3297981
2496,70.25656041,-159.2734872
2497,70.57378006,-158.1939805
2498,70.88496267,-157.0908477
2499,71.19000675,-155.9636692
2500,68.57700776,-166.2431409
2501,69.95825752,-162.3261268
2502,70.28946983,-161.2909138
2503,70.61484362,-160.2323486
